<?xml version="1.0"?>
<ProjectRoot xmlns:xsd="http://www.w3.org/2001/XMLSchema" xmlns:xsi="http://www.w3.org/2001/XMLSchema-instance">
  <TagLine>Easy generation of html with a jquery inspired object model</TagLine>
  <Name>HtmlTags</Name>
  <GitHubPage>http://github.com/DarthFubuMVC/HtmlTags</GitHubPage>
  <UserGroupUrl>https://groups.google.com/forum/?fromgroups#!forum/fubumvc-devel</UserGroupUrl>
  <BuildServerUrl>http://build.fubu-project.org/project.html?projectId=project7&amp;tab=projectOverview</BuildServerUrl>
  <BottleName>HtmlTags.Docs</BottleName>
  <TeamCityBuildType>bt7</TeamCityBuildType>
  <Nugets>
    <PublishedNuget>
      <Name>HtmlTags</Name>
      <Description>Easy generation of html with a jquery inspired object model</Description>
    </PublishedNuget>
  </Nugets>
  <Url>htmltags</Url>
</ProjectRoot>